{
  "id": "3345634",
  "name": "zqu",
  "font_family": "iconfont",
  "css_prefix_text": "icon-",
  "description": "",
  "glyphs": [
    {
      "icon_id": "248977",
      "name": "home",
      "font_class": "home",
      "unicode": "e696",
      "unicode_decimal": 59030
    },
    {
      "icon_id": "240130",
      "name": "post",
      "font_class": "post",
      "unicode": "e759",
      "unicode_decimal": 59225
    },
    {
      "icon_id": "902003",
      "name": "find",
      "font_class": "find",
      "unicode": "e618",
      "unicode_decimal": 58904
    },
    {
      "icon_id": "751120",
      "name": "find",
      "font_class": "0201chazhao",
      "unicode": "e604",
      "unicode_decimal": 58884
    },
    {
      "icon_id": "970712",
      "name": "fly",
      "font_class": "fly",
      "unicode": "e609",
      "unicode_decimal": 58889
    },
    {
      "icon_id": "1624951",
      "name": "icon_followed",
      "font_class": "icon_followed",
      "unicode": "e692",
      "unicode_decimal": 59026
    },
    {
      "icon_id": "2076368",
      "name": " 收藏1小",
      "font_class": "shoucangxiao",
      "unicode": "e8bc",
      "unicode_decimal": 59580
    },
    {
      "icon_id": "1240750",
      "name": "评论",
      "font_class": "pinglun",
      "unicode": "e60c",
      "unicode_decimal": 58892
    },
    {
      "icon_id": "2954833",
      "name": "good-filling",
      "font_class": "good-filling",
      "unicode": "e866",
      "unicode_decimal": 59494
    }
  ]
}
